,Candidate Name,Subject,Keyword,Count
0,resume,Python,python ,1
0,resume1,ML,sklearn ,4
1,resume1,DL,tensorflow ,1
2,resume1,Python,flask ,2
3,resume1,ML,classification ,3
4,resume1,ML,neural network ,2
5,resume1,ML,clustering ,3
6,resume1,ML,keras ,2
7,resume1,DL,keras ,2
8,resume1,Python,python ,2
0,resume2,ML,classification ,1
1,resume2,Python,python ,9
2,resume2,ML,clustering ,2
3,resume2,DL,tensorflow ,1
4,resume2,ML,keras ,2
5,resume2,DL,keras ,2
6,resume2,ML,neural network ,1
0,resume3,ML,classification ,1
1,resume3,ML,clustering ,1
2,resume3,Python,python ,1
0,resume4,Python,python ,3
0,resume5,Python,python ,3
1,resume5,DL,tensorflow ,1
2,resume5,ML,keras ,1
3,resume5,DL,keras ,1
4,resume5,DL,pytorch ,1
5,resume5,NLP,natural language processing ,1
0,resume6,Python,python ,4
1,resume6,ML,forecasting ,1
0,sample,,,
0,sample1,,,
0,sample10,,,
0,sample11,,,
0,sample12,,,
0,sample13,,,
0,sample14,,,
0,sample15,ML,forecasting ,1
0,sample16,,,
0,sample17,,,
0,sample18,,,
0,sample2,,,
0,sample3,,,
0,sample4,Python,python ,1
0,sample5,,,
0,sample6,,,
0,sample7,,,
0,sample8,,,
0,sample9,Python,python ,2
